,ChurnProbability,ChurnFlag,ActualExited
5702,0.0228,0,0
3667,0.0975,0,0
1617,0.0397,0,0
5673,0.0463,0,0
4272,0.0896,0,0
8270,0.1698,0,0
7079,0.0584,0,0
5295,0.2312,0,0
845,0.5456,1,0
5311,0.0649,0,0
7068,0.6878,1,1
5219,0.3287,0,0
5495,0.0181,0,0
6151,0.0494,0,0
5622,0.1024,0,0
2636,0.0128,0,0
5061,0.0613,0,0
3563,0.1136,0,0
2350,0.8942,1,1
4509,0.3704,0,0
4799,0.8633,1,1
5047,0.0195,0,0
6238,0.0654,0,0
6984,0.2849,0,1
7075,0.0823,0,0
1155,0.1098,0,0
8754,0.07,0,0
3809,0.1613,0,0
9458,0.0456,0,0
5762,0.2494,0,0
258,0.0713,0,0
3982,0.5749,1,1
6041,0.5499,1,0
3958,0.0344,0,0
1195,0.3469,0,0
4243,0.0822,0,1
6042,0.0642,0,0
3318,0.0465,0,0
8310,0.2887,0,0
4994,0.4246,0,1
4004,0.0578,0,0
4178,0.0301,0,0
7192,0.2873,0,0
340,0.1343,0,1
6593,0.0203,0,0
4863,0.0363,0,0
6171,0.1971,0,0
9982,0.7302,1,1
5832,0.0435,0,0
5386,0.9393,1,1
4828,0.098,0,0
6433,0.2139,0,0
161,0.0174,0,0
2328,0.0133,0,0
4240,0.473,0,0
71,0.1626,0,0
2717,0.0966,0,0
4668,0.0426,0,0
4040,0.1127,0,0
5911,0.0123,0,0
5469,0.018,0,0
5345,0.0177,0,0
1020,0.5587,1,1
5043,0.0917,0,0
4362,0.0978,0,0
7211,0.076,0,0
6114,0.0876,0,1
593,0.0901,0,0
1529,0.0185,0,0
7922,0.0282,0,0
6468,0.1025,0,0
9800,0.8616,1,1
1355,0.1611,0,0
243,0.2364,0,1
5010,0.9607,1,1
2978,0.0891,0,0
255,0.0493,0,0
259,0.1011,0,0
1665,0.0502,0,0
8490,0.5121,1,1
2498,0.0416,0,0
6677,0.0665,0,0
8838,0.0492,0,1
5405,0.0631,0,0
6609,0.1652,0,0
8023,0.0179,0,0
6530,0.1073,0,0
6372,0.3553,0,0
8144,0.0244,0,0
2917,0.1139,0,1
7552,0.0097,0,0
2954,0.0298,0,0
9593,0.1588,0,0
5102,0.0354,0,0
5922,0.9279,1,1
958,0.104,0,0
1303,0.099,0,1
2798,0.1448,0,0
2415,0.0522,0,0
778,0.026,0,0
1290,0.2157,0,0
7911,0.0463,0,0
5421,0.0405,0,0
104,0.2978,0,1
4420,0.0935,0,0
6826,0.1781,0,0
4504,0.0748,0,0
730,0.061,0,0
296,0.0603,0,0
307,0.0685,0,0
901,0.0371,0,0
2061,0.1648,0,0
1841,0.1068,0,0
2361,0.2133,0,0
7518,0.0667,0,0
8349,0.2522,0,1
974,0.0346,0,0
6545,0.0164,0,0
9711,0.4014,0,0
8124,0.1072,0,1
7511,0.1752,0,0
4208,0.2269,0,0
8139,0.0374,0,0
8462,0.1839,0,0
8026,0.092,0,0
2023,0.112,0,0
4275,0.0837,0,0
2630,0.0843,0,0
4122,0.1177,0,0
9074,0.0356,0,0
2114,0.16,0,0
4215,0.4034,0,1
3179,0.0236,0,0
9161,0.1562,0,0
9397,0.2173,0,0
6310,0.1012,0,0
8868,0.2456,0,0
8789,0.0312,0,0
5360,0.0209,0,0
9864,0.1149,0,0
5293,0.0515,0,0
201,0.1301,0,0
798,0.1483,0,0
9457,0.0525,0,0
4372,0.0943,0,0
7045,0.0198,0,0
5477,0.0224,0,0
7601,0.1081,0,0
9801,0.0915,0,0
6671,0.1414,0,0
5883,0.1155,0,0
9965,0.1905,0,0
4910,0.028,0,0
6063,0.0553,0,0
1981,0.134,0,0
5802,0.0161,0,0
8917,0.064,0,0
9116,0.6136,1,0
6349,0.0165,0,0
9252,0.0687,0,0
2051,0.1478,0,0
5572,0.1082,0,0
8076,0.2307,0,1
5363,0.927,1,1
9477,0.3604,0,1
3730,0.1186,0,0
9959,0.1047,0,0
8781,0.17,0,0
2616,0.0382,0,0
4655,0.0219,0,0
636,0.0253,0,0
2618,0.0299,0,0
7050,0.0138,0,0
716,0.3343,0,0
83,0.0947,0,0
8247,0.0602,0,0
834,0.0244,0,0
6005,0.0174,0,0
9082,0.1412,0,0
1620,0.1518,0,0
2108,0.0165,0,0
8852,0.1002,0,0
5325,0.237,0,1
5962,0.3887,0,1
3243,0.0933,0,0
8839,0.0987,0,0
3314,0.1436,0,1
9636,0.3708,0,1
7725,0.0548,0,0
2739,0.3949,0,0
9519,0.028,0,0
3928,0.0758,0,0
3500,0.0849,0,0
3003,0.2842,0,0
4701,0.0401,0,0
8740,0.0833,0,0
355,0.019,0,0
3460,0.1478,0,0
6195,0.0412,0,0
2083,0.1521,0,0
6702,0.1242,0,1
7027,0.164,0,0
4212,0.1594,0,0
7225,0.0429,0,0
1362,0.1493,0,0
8443,0.1215,0,0
4393,0.1111,0,0
801,0.3291,0,0
5190,0.0206,0,0
5965,0.0595,0,0
9305,0.0827,0,0
809,0.1509,0,0
1716,0.102,0,0
9757,0.0509,0,0
6913,0.3455,0,1
9613,0.6342,1,1
3513,0.1017,0,0
4207,0.1064,0,0
2836,0.047,0,0
3434,0.0689,0,0
5548,0.0486,0,0
1370,0.0306,0,0
592,0.0735,0,0
1468,0.7659,1,1
910,0.0357,0,0
968,0.1203,0,0
9159,0.079,0,0
6454,0.0635,0,0
13,0.0313,0,0
989,0.711,1,1
3512,0.0092,0,0
5942,0.9238,1,1
2916,0.8663,1,1
9720,0.3273,0,0
8858,0.0236,0,0
4368,0.2268,0,0
648,0.0382,0,0
7940,0.1045,0,0
2307,0.425,0,0
5518,0.0274,0,0
6595,0.0173,0,0
3274,0.1727,0,1
5457,0.256,0,0
1711,0.0445,0,0
1232,0.7244,1,1
8009,0.0658,0,0
2792,0.1535,0,0
8241,0.0188,0,0
6831,0.9738,1,1
2611,0.1378,0,0
2417,0.0846,0,0
9850,0.0742,0,0
482,0.3983,0,0
416,0.9536,1,1
1106,0.0389,0,0
6265,0.0214,0,0
2102,0.0617,0,0
1075,0.0794,0,0
9841,0.2193,0,0
2516,0.0221,0,0
5088,0.9146,1,1
332,0.1809,0,0
7098,0.9041,1,1
2843,0.0742,0,0
9798,0.164,0,0
9833,0.112,0,0
8081,0.1651,0,0
8875,0.0448,0,0
8864,0.0313,0,0
399,0.8306,1,1
3516,0.0268,0,0
6460,0.0168,0,0
6116,0.026,0,0
1041,0.0165,0,0
3938,0.4338,0,1
6339,0.1159,0,0
8027,0.0919,0,1
5138,0.1108,0,0
2994,0.1627,0,0
5170,0.0225,0,0
4855,0.0661,0,0
8964,0.0704,0,0
4554,0.0273,0,0
2704,0.0157,0,0
247,0.0129,0,0
7261,0.4112,0,0
7645,0.1218,0,0
4833,0.1799,0,0
1026,0.0269,0,0
675,0.036,0,0
6260,0.0395,0,0
3183,0.0607,0,0
1018,0.6931,1,1
4192,0.0842,0,0
9862,0.0108,0,0
8184,0.8027,1,1
6859,0.1877,0,0
9310,0.0842,0,0
1204,0.0377,0,0
4591,0.0234,0,0
3757,0.4961,0,0
8107,0.2116,0,0
166,0.2828,0,1
7564,0.2199,0,1
8408,0.0503,0,0
1587,0.0309,0,0
5953,0.2373,0,0
2851,0.7068,1,1
8359,0.4745,0,1
9255,0.9615,1,1
5854,0.0241,0,0
2500,0.0235,0,0
1083,0.026,0,0
6959,0.2599,0,0
1476,0.0374,0,0
7534,0.0121,0,0
7030,0.0752,0,0
5092,0.0539,0,1
8694,0.5148,1,0
1025,0.0272,0,0
4399,0.6295,1,1
7494,0.0892,0,0
1980,0.0183,0,0
8058,0.4588,0,0
8897,0.8073,1,1
4476,0.0143,0,0
2634,0.3006,0,1
1924,0.1314,0,0
69,0.1118,0,0
6836,0.023,0,0
5414,0.0999,0,0
321,0.0755,0,0
7530,0.6035,1,0
6067,0.0245,0,0
9221,0.3472,0,1
43,0.5125,1,1
3066,0.0294,0,0
8724,0.0254,0,0
5950,0.9908,1,1
5778,0.0488,0,0
5592,0.0181,0,0
3094,0.0933,0,0
7004,0.3445,0,0
4389,0.0805,0,0
9533,0.5455,1,1
4699,0.208,0,1
3021,0.0708,0,0
4781,0.4132,0,1
5425,0.355,0,0
2995,0.1343,0,0
5069,0.0187,0,0
1489,0.1729,0,0
7971,0.2019,0,0
7455,0.1998,0,1
3716,0.2329,0,0
4475,0.0941,0,0
9725,0.035,0,1
9111,0.0577,0,0
2179,0.185,0,0
6744,0.0212,0,0
4357,0.0193,0,0
2766,0.0814,0,0
1906,0.0234,0,0
7851,0.8842,1,1
6528,0.0825,0,0
3678,0.0542,0,0
4444,0.079,0,0
6785,0.1155,0,0
6174,0.1668,0,0
6634,0.1158,0,0
7271,0.0891,0,0
4861,0.2153,0,1
7318,0.0287,0,0
2192,0.083,0,0
3742,0.1667,0,0
7037,0.5933,1,1
8293,0.141,0,0
4450,0.2159,0,0
9614,0.0384,0,0
6056,0.0125,0,0
5743,0.0869,0,0
9319,0.0197,0,0
3955,0.0295,0,0
7546,0.0548,0,0
3895,0.065,0,0
7581,0.0434,0,0
4806,0.115,0,0
4248,0.0276,0,0
1339,0.1514,0,0
1797,0.54,1,1
7582,0.1419,0,0
6694,0.2297,0,0
9852,0.3146,0,1
2866,0.1016,0,0
4842,0.971,1,1
8473,0.02,0,0
1345,0.0291,0,0
6795,0.604,1,0
7807,0.1449,0,0
7110,0.0193,0,0
2125,0.1434,0,0
5682,0.0183,0,0
3480,0.2987,0,1
8173,0.8523,1,0
1363,0.0138,0,0
9913,0.2378,0,0
2142,0.0876,0,0
4439,0.06,0,0
3658,0.4446,0,1
1340,0.1794,0,1
1457,0.0576,0,0
5736,0.0195,0,0
4169,0.046,0,0
7909,0.9182,1,1
6391,0.1794,0,0
7293,0.1541,0,0
1925,0.0166,0,0
6578,0.0216,0,0
5182,0.1155,0,1
6489,0.0303,0,0
4950,0.6539,1,0
3543,0.2668,0,1
7252,0.4545,0,0
5013,0.4015,0,1
3934,0.1588,0,0
5221,0.025,0,0
5998,0.0258,0,0
2001,0.0174,0,0
2177,0.0167,0,0
2401,0.0142,0,0
3126,0.2125,0,0
3725,0.0227,0,0
3992,0.0563,0,0
759,0.1386,0,0
1462,0.5595,1,1
9351,0.355,0,0
863,0.0735,0,0
1884,0.0222,0,0
3676,0.0235,0,0
2911,0.7396,1,0
6539,0.1787,0,1
704,0.0281,0,0
6844,0.0879,0,0
6631,0.0431,0,0
456,0.1015,0,0
8548,0.6595,1,0
3229,0.8762,1,1
7458,0.4097,0,0
8073,0.174,0,0
5296,0.2982,0,1
9705,0.0161,0,0
7391,0.156,0,0
7239,0.6784,1,1
3172,0.1982,0,0
6066,0.5841,1,0
7793,0.1902,0,0
5026,0.0497,0,0
7206,0.8042,1,0
3975,0.8229,1,1
402,0.0945,0,0
1173,0.0687,0,0
883,0.6335,1,1
6325,0.5874,1,1
606,0.0789,0,0
6789,0.1167,0,0
7930,0.0284,0,0
3593,0.5571,1,0
7822,0.5525,1,1
4234,0.0528,0,0
6441,0.6962,1,0
5246,0.0658,0,0
7383,0.085,0,1
6348,0.0344,0,0
9157,0.0535,0,0
8777,0.042,0,0
1207,0.0596,0,0
6613,0.0304,0,0
5842,0.0983,0,0
2620,0.043,0,0
651,0.3823,0,0
8248,0.2372,0,0
9899,0.0631,0,0
9938,0.1664,0,0
8589,0.0227,0,0
2168,0.9261,1,1
7786,0.0372,0,0
41,0.7341,1,1
6373,0.0293,0,0
964,0.5329,1,1
5881,0.0448,0,0
5933,0.1733,0,1
3876,0.0496,0,0
3419,0.0176,0,0
5963,0.3438,0,0
842,0.1487,0,0
3592,0.2069,0,1
1661,0.0773,0,0
7539,0.2045,0,0
4650,0.0427,0,0
1110,0.5036,1,1
7901,0.0646,0,0
70,0.9936,1,1
8862,0.9294,1,1
9721,0.1207,0,0
4539,0.0216,0,0
9385,0.1364,0,0
6964,0.935,1,1
1509,0.2282,0,0
9504,0.3327,0,0
1132,0.0221,0,0
1882,0.0105,0,0
9627,0.1052,0,0
9064,0.7646,1,0
1606,0.2017,0,0
619,0.032,0,0
708,0.0262,0,0
9634,0.0164,0,0
2712,0.2021,0,0
1235,0.4249,0,0
9287,0.0259,0,0
9552,0.309,0,0
6202,0.2151,0,0
3088,0.0582,0,0
6453,0.2563,0,0
1942,0.4061,0,0
8455,0.111,0,0
215,0.5218,1,1
3403,0.1843,0,0
7876,0.5598,1,1
4235,0.086,0,0
7083,0.1365,0,0
5076,0.0352,0,0
7029,0.8598,1,1
6687,0.0754,0,0
4820,0.0281,0,0
770,0.1507,0,1
1253,0.8751,1,0
1283,0.1654,0,0
9274,0.2095,0,0
4290,0.1441,0,0
6676,0.0699,0,0
1342,0.0948,0,0
1961,0.106,0,0
449,0.3828,0,0
2069,0.1343,0,0
3748,0.19,0,0
4868,0.1233,0,0
5373,0.0138,0,0
3802,0.279,0,0
6396,0.1995,0,0
9041,0.7047,1,0
5095,0.3134,0,0
7406,0.0912,0,0
5118,0.1681,0,0
381,0.04,0,0
5315,0.0684,0,0
4271,0.0149,0,0
7857,0.0295,0,0
6428,0.4483,0,1
1655,0.6638,1,0
7610,0.0678,0,0
7472,0.0593,0,0
3874,0.1619,0,0
54,0.418,0,1
7541,0.0134,0,0
6285,0.1759,0,0
7090,0.179,0,0
8327,0.0276,0,0
8950,0.1622,0,0
7392,0.0225,0,0
6465,0.0147,0,0
5674,0.0272,0,0
470,0.0473,0,0
3035,0.7003,1,1
8405,0.0314,0,0
4443,0.0996,0,0
5984,0.0519,0,0
5665,0.0408,0,0
2641,0.1429,0,0
1044,0.0528,0,0
7884,0.2836,0,1
3961,0.1243,0,0
763,0.284,0,0
306,0.2483,0,1
6622,0.4209,0,0
4180,0.0848,0,0
6255,0.9859,1,1
6269,0.0337,0,0
3704,0.0307,0,0
5390,0.6256,1,1
2321,0.2457,0,0
3584,0.0587,0,0
6566,0.0627,0,0
7055,0.0884,0,0
4725,0.1402,0,0
3878,0.0959,0,0
80,0.0407,0,0
4118,0.0159,0,0
3777,0.1022,0,0
950,0.1874,0,0
7669,0.0301,0,0
9704,0.0166,0,0
8730,0.0148,0,0
5201,0.1406,0,0
7706,0.0142,0,0
2603,0.1765,0,0
6548,0.049,0,0
2223,0.012,0,0
1065,0.0486,0,1
6610,0.2542,0,0
4720,0.07,0,0
3643,0.385,0,0
3912,0.1833,0,0
8807,0.1958,0,1
8511,0.0576,0,0
2473,0.9897,1,1
2731,0.0167,0,0
7291,0.1306,0,1
6376,0.3473,0,1
8797,0.5606,1,0
7770,0.0489,0,0
2905,0.0981,0,0
8468,0.0649,0,0
2098,0.5697,1,1
6976,0.0312,0,0
5279,0.1466,0,0
5274,0.0599,0,0
5741,0.1171,0,0
3786,0.1037,0,1
6747,0.0907,0,0
6008,0.0157,0,0
8800,0.0605,0,0
7277,0.0821,0,0
7571,0.9016,1,1
876,0.0958,0,0
260,0.1167,0,0
6473,0.0219,0,0
1420,0.1868,0,0
7302,0.0452,0,0
880,0.9291,1,1
1244,0.2036,0,0
4769,0.0741,0,0
2122,0.2694,0,0
7976,0.0881,0,0
486,0.0239,0,0
916,0.1471,0,1
9782,0.0431,0,0
2977,0.9414,1,1
1751,0.0998,0,0
9553,0.0241,0,0
2513,0.0312,0,0
7747,0.0133,0,0
5240,0.1019,0,0
2847,0.0496,0,1
2092,0.9729,1,1
8047,0.2783,0,0
9672,0.0224,0,0
5782,0.0199,0,0
7289,0.3086,0,0
7684,0.1075,0,0
6855,0.1724,0,1
8857,0.0224,0,0
8246,0.0106,0,0
4424,0.641,1,0
7862,0.8516,1,0
7754,0.1091,0,1
9640,0.3179,0,0
650,0.1377,0,0
7424,0.3319,0,1
8785,0.0397,0,0
4726,0.5406,1,0
2325,0.0337,0,0
3438,0.0245,0,0
6300,0.1941,0,0
3914,0.1492,0,0
6477,0.0346,0,0
3952,0.1205,0,0
5949,0.5591,1,1
3242,0.3628,0,0
4263,0.0577,0,0
317,0.0231,0,0
1168,0.0262,0,0
4301,0.0189,0,0
2308,0.2429,0,0
7760,0.0779,0,1
7440,0.505,1,0
4177,0.0204,0,0
9328,0.107,0,0
9199,0.1582,0,1
5327,0.0412,0,0
2578,0.0687,0,0
2594,0.8129,1,1
6741,0.1388,0,0
6807,0.023,0,0
4711,0.1696,0,0
3567,0.0616,0,0
1997,0.0225,0,0
6966,0.0115,0,0
9961,0.0654,0,0
2696,0.1589,0,0
6907,0.1788,0,0
1206,0.0189,0,0
1209,0.0204,0,0
5084,0.26,0,0
7825,0.1063,0,1
2225,0.1025,0,0
2313,0.213,0,0
663,0.0495,0,0
7566,0.1247,0,1
2025,0.1094,0,0
8013,0.0917,0,0
9307,0.0268,0,0
5191,0.4496,0,0
2818,0.1949,0,0
632,0.1231,0,0
6317,0.0504,0,0
6508,0.7733,1,1
9093,0.2668,0,0
4558,0.0758,0,0
4962,0.0449,0,0
6086,0.0651,0,0
5441,0.0807,0,0
5018,0.8685,1,1
9215,0.9747,1,1
3524,0.0386,0,0
8820,0.1988,0,0
3444,0.0442,0,0
2794,0.7006,1,1
9551,0.0853,0,0
9473,0.1018,0,1
6240,0.0591,0,0
7073,0.1866,0,0
2747,0.0275,0,0
9977,0.0181,0,0
490,0.0425,0,0
5536,0.0546,0,0
4335,0.7111,1,1
119,0.056,0,0
2364,0.0608,0,0
2783,0.0544,0,0
6720,0.0172,0,0
9499,0.0641,0,0
424,0.2408,0,0
2973,0.3382,0,1
6675,0.0436,0,0
3942,0.0117,0,0
4060,0.0238,0,0
3518,0.0486,0,0
8933,0.0161,0,0
8372,0.1908,0,0
1443,0.8665,1,1
1570,0.2394,0,1
8970,0.0577,0,0
9779,0.1671,0,0
3163,0.2587,0,1
986,0.1096,0,0
9632,0.1529,0,0
3535,0.0719,0,0
2867,0.1805,0,0
9331,0.0904,0,0
3849,0.0176,0,0
2485,0.1088,0,0
4764,0.4418,0,0
6282,0.0131,0,0
2643,0.0693,0,0
3686,0.0527,0,0
5127,0.0259,0,1
3682,0.037,0,0
9544,0.1267,0,0
3462,0.3276,0,0
2276,0.8182,1,1
6557,0.031,0,0
3560,0.4485,0,1
6970,0.1795,0,0
5273,0.1054,0,0
2604,0.0884,0,0
6421,0.0543,0,0
1699,0.1031,0,0
6113,0.0208,0,0
3471,0.074,0,0
97,0.0283,0,0
293,0.1523,0,1
5926,0.3541,0,1
917,0.3655,0,0
1163,0.0398,0,0
2174,0.0759,0,0
623,0.0651,0,0
5237,0.0666,0,0
8025,0.0476,0,0
2345,0.3066,0,0
7317,0.9321,1,1
9979,0.3048,0,0
2577,0.1553,0,0
9094,0.2564,0,0
3891,0.2423,0,0
753,0.0809,0,0
1098,0.0476,0,0
7296,0.2518,0,0
7942,0.3739,0,1
9145,0.4231,0,0
8268,0.0697,0,0
4157,0.0587,0,0
380,0.1176,0,0
5051,0.0816,0,0
2529,0.1039,0,0
9193,0.1156,0,0
1658,0.1631,0,0
223,0.1516,0,1
3144,0.3544,0,0
6893,0.5284,1,0
2505,0.4216,0,0
9535,0.0792,0,0
9241,0.0144,0,0
3427,0.1167,0,0
6486,0.0284,0,0
30,0.7315,1,1
2208,0.5697,1,1
9908,0.2145,0,0
5650,0.2178,0,0
2782,0.0171,0,0
3317,0.0183,0,1
8418,0.1456,0,0
7014,0.0305,0,0
7776,0.0698,0,0
2078,0.1207,0,1
3890,0.0271,0,0
4478,0.0166,0,0
6629,0.0209,0,0
1616,0.1212,0,0
2795,0.0726,0,0
4565,0.2614,0,0
4003,0.0389,0,0
3011,0.1633,0,0
4742,0.1832,0,0
7162,0.1504,0,0
7995,0.0479,0,0
7372,0.0352,0,0
1853,0.2572,0,0
7883,0.0802,0,0
8502,0.0353,0,0
6023,0.0794,0,1
8752,0.1004,0,0
5397,0.0803,0,0
3482,0.0198,0,0
5257,0.8454,1,0
2291,0.0392,0,0
7250,0.0192,0,0
9775,0.1088,0,0
9177,0.2461,0,0
2719,0.5264,1,1
9036,0.0876,0,0
2043,0.0149,0,0
6751,0.3296,0,1
2602,0.1021,0,0
3549,0.982,1,1
2409,0.126,0,0
8207,0.1116,0,0
9667,0.1497,0,0
5580,0.0239,0,0
3544,0.1085,0,0
9540,0.9884,1,1
2314,0.034,0,0
6796,0.0189,0,0
8831,0.2893,0,0
4155,0.1377,0,0
8884,0.9232,1,1
4333,0.0682,0,0
4047,0.0445,0,0
1471,0.2323,0,0
3767,0.1022,0,0
2193,0.0745,0,0
8583,0.1146,0,0
195,0.0657,0,0
9021,0.2006,0,0
4388,0.1008,0,0
4869,0.9176,1,1
7561,0.048,0,0
7614,0.0225,0,0
3227,0.0786,0,0
3698,0.02,0,0
3879,0.0662,0,1
3574,0.1557,0,0
2518,0.9296,1,1
8848,0.1208,0,0
9085,0.0402,0,0
9690,0.0438,0,1
2482,0.1793,0,0
428,0.3022,0,0
8438,0.6801,1,1
1057,0.6612,1,1
1344,0.1526,0,1
9870,0.1191,0,0
2337,0.0392,0,0
7240,0.1128,0,0
7557,0.0172,0,0
9249,0.1458,0,0
7855,0.1996,0,0
148,0.3332,0,0
6037,0.0128,0,0
4108,0.45,0,0
7067,0.117,0,0
4453,0.1799,0,0
7390,0.1753,0,0
8140,0.1899,0,0
308,0.5085,1,1
8963,0.5647,1,1
7896,0.0312,0,0
3425,0.172,0,0
6219,0.1209,0,0
1987,0.4452,0,1
3174,0.037,0,0
786,0.0105,0,0
9296,0.3992,0,0
1446,0.07,0,0
3315,0.0188,0,0
8290,0.1019,0,0
8325,0.0211,0,0
2959,0.0938,0,0
9158,0.0994,0,0
6426,0.4182,0,0
776,0.9681,1,1
7945,0.0815,0,0
5794,0.0584,0,0
6217,0.0134,0,0
1284,0.2104,0,0
3396,0.0219,0,0
9187,0.0804,0,0
8396,0.9356,1,1
2588,0.1022,0,0
2688,0.1477,0,0
5285,0.4705,0,1
6280,0.1114,0,0
4669,0.8467,1,1
9730,0.2602,0,0
4323,0.4097,0,1
8770,0.0624,0,0
5993,0.076,0,0
4262,0.0317,0,0
6590,0.3325,0,0
4908,0.5583,1,1
144,0.1992,0,1
1218,0.2254,0,1
3327,0.0176,0,0
9794,0.0879,0,0
1688,0.048,0,0
1484,0.0096,0,0
5253,0.0224,0,0
9526,0.0564,0,0
4266,0.3123,0,1
6133,0.1144,0,0
3639,0.8375,1,1
5867,0.2015,0,0
5746,0.1582,0,0
7543,0.0639,0,0
3233,0.0732,0,0
6776,0.532,1,0
6917,0.5903,1,0
3073,0.1089,0,0
8756,0.2541,0,1
1063,0.0477,0,0
149,0.0377,0,0
931,0.1217,0,0
563,0.7498,1,1
1088,0.0101,0,0
3000,0.0651,0,0
7664,0.1282,0,0
596,0.0714,0,0
8330,0.2286,0,0
7951,0.1546,0,0
1939,0.0839,0,0
1748,0.1412,0,1
4867,0.2131,0,0
8874,0.3194,0,0
830,0.0187,0,0
911,0.3091,0,0
9682,0.1127,0,0
1001,0.0674,0,0
8949,0.1065,0,0
3920,0.3718,0,0
2592,0.034,0,0
6527,0.0903,0,0
2738,0.9178,1,1
186,0.2199,0,0
5336,0.4388,0,1
3417,0.435,0,0
8226,0.1216,0,0
9024,0.2273,0,1
8379,0.4069,0,1
4941,0.4898,0,1
3720,0.0771,0,0
9783,0.4693,0,0
7780,0.1019,0,0
6,0.0721,0,0
3470,0.0301,0,0
5142,0.2166,0,0
5714,0.04,0,0
1472,0.073,0,0
3379,0.0806,0,0
5146,0.0828,0,0
7866,0.1001,0,0
3478,0.0925,0,0
8066,0.2646,0,0
8097,0.4132,0,1
2016,0.0743,0,0
286,0.0729,0,0
2730,0.0694,0,0
3262,0.722,1,1
8580,0.1441,0,0
9180,0.1194,0,0
7207,0.108,0,0
3708,0.1591,0,0
7177,0.2209,0,0
9455,0.1026,0,0
4901,0.4789,0,1
9811,0.1475,0,0
9251,0.1986,0,0
454,0.1361,0,0
9575,0.029,0,0
1349,0.46,0,0
4775,0.0208,0,0
3944,0.0751,0,0
2269,0.0216,0,0
6995,0.0651,0,0
6088,0.0227,0,0
1258,0.0354,0,0
9566,0.0494,0,1
3219,0.1119,0,0
6921,0.1392,0,0
1451,0.0468,0,0
3997,0.2535,0,0
7611,0.0228,0,0
890,0.1209,0,0
9,0.0503,0,0
2534,0.3569,0,0
3856,0.1948,0,0
9894,0.0538,0,0
9007,0.0128,0,0
8991,0.5062,1,1
8696,0.0707,0,0
4176,0.3485,0,0
1230,0.0874,0,0
279,0.5423,1,1
7365,0.0975,0,1
1260,0.2269,0,1
7623,0.0495,0,0
7586,0.1861,0,0
1348,0.0592,0,0
475,0.7224,1,1
8741,0.0409,0,0
1104,0.0165,0,0
5113,0.8351,1,0
8402,0.2423,0,1
6119,0.0135,0,0
1346,0.0515,0,0
4532,0.1283,0,0
4551,0.5917,1,1
8931,0.544,1,1
4911,0.6791,1,1
7600,0.0513,0,0
871,0.9391,1,1
2644,0.1125,0,0
1637,0.0358,0,0
5982,0.2447,0,0
6146,0.0478,0,0
4430,0.067,0,0
2135,0.9369,1,1
4285,0.1694,0,0
3892,0.4758,0,0
7038,0.0334,0,0
9142,0.0717,0,0
8494,0.2932,0,0
7749,0.2875,0,1
9567,0.1484,0,0
7943,0.2084,0,1
6771,0.1415,0,0
1318,0.8603,1,1
6573,0.088,0,0
9354,0.0364,0,0
590,0.2214,0,1
4737,0.0744,0,0
2948,0.0406,0,0
7927,0.1635,0,1
2722,0.0872,0,0
1464,0.0458,0,0
6951,0.1067,0,1
1798,0.9279,1,1
7278,0.0394,0,0
7297,0.4945,0,0
5349,0.0475,0,0
1546,0.6479,1,0
1162,0.1939,0,0
4091,0.0458,0,0
2353,0.0418,0,0
4218,0.0846,0,1
7303,0.069,0,0
2145,0.0452,0,0
6106,0.0503,0,0
7852,0.3158,0,0
2303,0.1831,0,0
2532,0.0881,0,0
1689,0.1827,0,1
3218,0.0202,0,0
5935,0.0257,0,0
4138,0.1605,0,0
7245,0.1074,0,0
1137,0.0508,0,0
5597,0.1581,0,0
8463,0.7874,1,1
4616,0.0864,0,0
2131,0.1214,0,0
2161,0.1535,0,0
7405,0.0662,0,0
7205,0.0176,0,0
3904,0.177,0,0
9018,0.6041,1,0
9070,0.0794,0,0
1593,0.0689,0,0
8065,0.7534,1,1
664,0.0503,0,0
8,0.0898,0,0
6727,0.263,0,1
9076,0.0713,0,0
4349,0.8874,1,1
2074,0.6191,1,1
2435,0.1386,0,0
7685,0.3452,0,0
2799,0.2839,0,0
3258,0.2366,0,0
3964,0.134,0,1
5282,0.091,0,0
3205,0.3295,0,1
6961,0.0166,0,0
9906,0.1443,0,0
7420,0.2063,0,0
9453,0.0481,0,0
970,0.3349,0,0
6212,0.1065,0,0
5014,0.0272,0,0
5637,0.0266,0,0
3990,0.016,0,0
1470,0.0515,0,0
8564,0.6372,1,0
5034,0.0649,0,0
4746,0.0178,0,0
324,0.0178,0,0
662,0.0134,0,0
4026,0.9473,1,1
44,0.2702,0,0
9902,0.0298,0,0
902,0.3848,0,0
165,0.0481,0,0
4448,0.179,0,0
709,0.0593,0,0
5249,0.2881,0,1
4081,0.0146,0,0
8900,0.033,0,0
7228,0.2676,0,1
6010,0.0219,0,0
8975,0.3031,0,0
6057,0.062,0,0
602,0.0627,0,0
4376,0.0361,0,0
5476,0.2499,0,1
5185,0.4336,0,1
9951,0.0584,0,0
9054,0.0319,0,0
175,0.1029,0,0
7214,0.0331,0,0
8677,0.2055,0,0
123,0.6187,1,0
421,0.0368,0,0
3523,0.1285,0,0
6699,0.0897,0,0
9574,0.0247,0,0
8673,0.9525,1,1
8179,0.0719,0,0
5818,0.0659,0,0
9143,0.1109,0,0
2497,0.011,0,0
4739,0.0343,0,0
5776,0.3372,0,1
3981,0.0108,0,0
7212,0.1984,0,1
2181,0.5842,1,1
3087,0.0382,0,0
7327,0.3272,0,1
7076,0.055,0,0
7010,0.2999,0,0
8982,0.4183,0,0
5227,0.0159,0,0
5751,0.07,0,0
6134,0.0162,0,0
3020,0.0651,0,0
2729,0.0134,0,0
8328,0.1011,0,0
5256,0.7223,1,1
6965,0.0324,0,0
4408,0.0742,0,0
5817,0.0758,0,0
9315,0.1751,0,0
3321,0.0114,0,0
5602,0.4341,0,0
4144,0.2081,0,0
5623,0.0281,0,0
5300,0.0534,0,0
7386,0.1574,0,0
9183,0.2244,0,0
8114,0.2795,0,0
1701,0.9654,1,1
9900,0.131,0,0
2736,0.0721,0,0
1036,0.0958,0,0
7933,0.1155,0,0
6424,0.0665,0,1
9297,0.1552,0,0
2141,0.0109,0,1
4524,0.0167,0,0
3760,0.1287,0,0
7832,0.3152,0,1
1139,0.615,1,0
9348,0.1609,0,0
3241,0.1329,0,0
7799,0.2596,0,0
1984,0.2253,0,0
1488,0.9431,1,1
5321,0.0644,0,0
3882,0.0152,0,0
9469,0.0688,0,0
3028,0.3589,0,0
8795,0.5013,1,1
4557,0.0634,0,0
7819,0.0229,0,0
517,0.1223,0,0
2967,0.954,1,1
5510,0.5477,1,1
8837,0.3891,0,1
2595,0.0813,0,0
4858,0.2593,0,0
2265,0.032,0,0
288,0.0883,0,0
9805,0.082,0,0
6462,0.1193,0,0
4161,0.1958,0,0
3622,0.2035,0,0
2467,0.0337,0,0
8968,0.1433,0,0
3461,0.1017,0,0
9282,0.1312,0,0
6978,0.1931,0,0
499,0.4451,0,1
5263,0.0319,0,0
2887,0.2239,0,0
287,0.0891,0,0
3465,0.1456,0,0
2330,0.054,0,0
4334,0.1039,0,0
9280,0.3389,0,0
7375,0.0147,0,0
7233,0.0748,0,0
7023,0.0874,0,0
8029,0.3692,0,0
3140,0.0179,0,0
2170,0.1621,0,0
8524,0.0215,0,0
4005,0.0965,0,1
4098,0.1443,0,0
6561,0.6253,1,1
5873,0.3916,0,1
2300,0.5432,1,0
1216,0.1141,0,0
677,0.4965,0,1
3572,0.0596,0,0
8713,0.0267,0,0
7596,0.1111,0,0
3332,0.095,0,0
3251,0.9609,1,1
5513,0.0188,0,0
9881,0.0553,0,0
3333,0.4596,0,0
723,0.4349,0,0
8043,0.083,0,0
4756,0.2041,0,1
2947,0.0581,0,0
7423,0.0937,0,0
9612,0.019,0,0
1133,0.016,0,0
7230,0.0183,0,0
1854,0.3081,0,1
9025,0.064,0,0
4150,0.0583,0,0
8753,0.0493,0,0
3558,0.1682,0,0
7636,0.7722,1,1
8693,0.2743,0,1
6754,0.092,0,0
1255,0.0627,0,0
5283,0.1282,0,0
3175,0.9285,1,1
555,0.9647,1,1
1038,0.0507,0,0
4384,0.0335,0,0
676,0.0749,0,0
362,0.404,0,0
1542,0.1067,0,0
3437,0.1903,0,0
5819,0.1086,0,0
7218,0.094,0,0
3656,0.1845,0,1
2486,0.0298,0,0
2533,0.1295,0,0
5097,0.012,0,0
9849,0.0187,0,0
756,0.1292,0,0
4151,0.2633,0,1
8766,0.1545,0,0
1123,0.0499,0,1
8234,0.9019,1,1
679,0.0363,0,0
8180,0.1264,0,0
5103,0.5925,1,1
5896,0.0579,0,0
1160,0.1999,0,1
5848,0.1808,0,0
1166,0.1021,0,0
4022,0.2823,0,0
8450,0.1894,0,0
3200,0.0544,0,0
575,0.0184,0,0
8811,0.0943,0,0
4562,0.1206,0,0
5964,0.1009,0,0
6937,0.1653,0,0
6196,0.0522,0,0
5484,0.8165,1,1
6014,0.5625,1,1
1598,0.8049,1,1
4072,0.0845,0,0
3871,0.0993,0,0
1422,0.1306,0,0
5833,0.7961,1,1
7607,0.0379,0,0
6506,0.9171,1,1
2103,0.3895,0,0
4374,0.1222,0,0
6416,0.0839,0,0
1787,0.0644,0,1
4048,0.0606,0,0
9625,0.3176,0,1
2610,0.0786,0,0
1898,0.4437,0,1
8936,0.8103,1,1
5593,0.679,1,1
3154,0.0723,0,0
6188,0.3348,0,1
2133,0.1242,0,0
1516,0.172,0,0
7954,0.0977,0,0
3255,0.062,0,0
9760,0.0798,0,0
7921,0.0241,0,0
5997,0.016,0,0
7509,0.0884,0,0
9624,0.6099,1,1
4805,0.4081,0,0
2395,0.6914,1,1
309,0.1061,0,0
5766,0.1159,0,0
6402,0.0378,0,0
1460,0.0501,0,0
8810,0.0356,0,0
9483,0.1742,0,0
1706,0.1799,0,0
6556,0.6109,1,1
5968,0.0515,0,0
516,0.8668,1,1
5701,0.8459,1,1
8578,0.4974,0,0
9985,0.0438,0,0
3033,0.011,0,0
1182,0.2529,0,1
4153,0.8782,1,1
8523,0.581,1,1
767,0.8097,1,1
2856,0.8486,1,1
3252,0.08,0,0
4680,0.5991,1,0
3479,0.4523,0,0
2623,0.0275,0,0
9488,0.0279,0,0
246,0.0711,0,0
3695,0.0921,0,0
1425,0.2323,0,0
5374,0.0813,0,0
5626,0.0538,0,0
7773,0.2244,0,1
4028,0.1724,0,0
7008,0.9532,1,1
6069,0.1655,0,0
3130,0.923,1,1
1279,0.0424,0,0
4985,0.1807,0,0
4293,0.1738,0,0
6827,0.7822,1,1
8228,0.263,0,0
7169,0.0356,0,0
877,0.0347,0,0
4433,0.0473,0,0
4237,0.2659,0,0
4960,0.0325,0,0
9406,0.0275,0,0
1871,0.1119,0,0
3881,0.3242,0,0
762,0.1763,0,1
9063,0.087,0,0
3715,0.4641,0,1
3101,0.2098,0,0
2591,0.2544,0,0
6003,0.0467,0,0
6446,0.1237,0,0
143,0.7765,1,1
9247,0.0375,0,0
6275,0.0223,0,0
6380,0.2806,0,1
6222,0.0162,0,0
7366,0.4943,0,0
4188,0.3899,0,0
1724,0.0805,0,0
6644,0.0898,0,0
6270,0.1427,0,0
6683,0.2494,0,0
8365,0.0245,0,0
6792,0.0958,0,0
7854,0.0764,0,0
2512,0.2523,0,0
7500,0.1568,0,0
496,0.0546,0,0
9371,0.0605,0,0
2907,0.0607,0,0
7411,0.1223,0,0
6722,0.0991,0,0
3292,0.1897,0,0
7553,0.1827,0,0
6022,0.2453,0,1
6331,0.1919,0,0
8178,0.1806,0,0
3505,0.2621,0,0
1865,0.0174,0,0
8941,0.0641,0,0
2127,0.0642,0,0
8182,0.1743,0,0
9096,0.2583,0,0
7429,0.3529,0,0
4168,0.2224,0,0
8692,0.013,0,0
4998,0.1699,0,0
9717,0.0487,0,0
2123,0.098,0,0
6638,0.087,0,0
2312,0.9214,1,1
5724,0.0909,0,0
1129,0.1666,0,1
7370,0.0177,0,0
8845,0.2667,0,0
204,0.1942,0,0
7119,0.049,0,0
1926,0.0141,0,0
9004,0.0168,0,0
3295,0.3432,0,0
8708,0.6268,1,0
6524,0.968,1,1
3601,0.6377,1,1
9073,0.1743,0,1
1684,0.1067,0,0
1923,0.1069,0,1
1203,0.0735,0,0
8089,0.1276,0,0
507,0.5014,1,0
8598,0.1267,0,0
3453,0.1289,0,0
1929,0.29,0,0
2944,0.0188,0,0
3247,0.1515,0,0
9597,0.1146,0,0
8362,0.0196,0,0
7137,0.1778,0,0
6036,0.0768,0,0
7373,0.0804,0,0
1642,0.3438,0,0
9695,0.2218,0,0
4502,0.3498,0,1
179,0.9089,1,1
4085,0.0708,0,0
7841,0.5812,1,1
264,0.0653,0,0
7111,0.0231,0,0
7751,0.0487,0,0
8197,0.2015,0,0
9000,0.2106,0,0
1250,0.0968,0,0
9858,0.3782,0,1
7961,0.0517,0,0
494,0.1018,0,1
4772,0.1909,0,0
5642,0.4103,0,0
3642,0.0234,0,0
3821,0.1822,0,0
9631,0.2129,0,0
4732,0.9206,1,1
2969,0.0166,0,0
1219,0.1671,0,1
9174,0.113,0,0
5208,0.0257,0,0
2540,0.7331,1,1
3754,0.074,0,0
2286,0.1439,0,0
6214,0.065,0,0
5591,0.027,0,0
9649,0.1857,0,0
3297,0.2218,0,0
1033,0.0167,0,0
2779,0.1261,0,0
1955,0.9481,1,1
7544,0.2137,0,0
2355,0.3742,0,1
3850,0.1025,0,0
2700,0.0195,0,0
8376,0.1438,0,1
6605,0.0242,0,0
21,0.0266,0,0
6973,0.0846,0,0
3076,0.1049,0,0
7454,0.0914,0,0
9505,0.0449,0,0
9333,0.0401,0,0
2860,0.352,0,0
7451,0.0174,0,0
5149,0.4107,0,0
5675,0.039,0,0
8751,0.036,0,0
4685,0.2212,0,0
8233,0.1099,0,0
9482,0.0326,0,1
4298,0.0518,0,0
5359,0.4081,0,1
1591,0.021,0,0
7737,0.1192,0,1
7929,0.0239,0,0
6690,0.2234,0,0
9173,0.1422,0,1
1862,0.5723,1,1
5392,0.0687,0,1
9283,0.0234,0,0
1225,0.2869,0,0
8641,0.659,1,1
5677,0.2171,0,0
7592,0.5534,1,0
6368,0.5902,1,1
22,0.3216,0,1
2130,0.4,0,0
9100,0.0169,0,0
5370,0.0265,0,1
3217,0.3517,0,0
7103,0.5636,1,1
3433,0.5141,1,0
7072,0.1124,0,0
4065,0.0118,0,0
182,0.3248,0,0
6944,0.1608,0,0
1868,0.0309,0,0
6867,0.0735,0,0
3527,0.0676,0,0
3493,0.1827,0,0
7148,0.0138,0,0
6640,0.0757,0,0
8500,0.0963,0,0
9807,0.025,0,0
7409,0.1844,0,0
2064,0.0317,0,0
7496,0.4925,0,0
3722,0.1408,0,0
3832,0.0394,0,0
2448,0.2116,0,0
4782,0.3544,0,0
9998,0.0705,0,1
7524,0.1578,0,0
2658,0.9002,1,1
3941,0.1056,0,1
7687,0.1553,0,1
3599,0.0304,0,0
4873,0.0187,0,0
8303,0.3086,0,0
1297,0.0143,0,0
6361,0.1172,0,0
4754,0.9295,1,1
7414,0.283,0,0
6128,0.0133,0,0
9749,0.0375,0,0
7262,0.1446,0,0
9919,0.0246,0,0
7810,0.1974,0,0
218,0.1073,0,1
3591,0.0339,0,0
4250,0.1221,0,0
9039,0.0653,0,0
8764,0.3118,0,0
748,0.1145,0,0
9456,0.1333,0,0
4404,0.1652,0,0
8957,0.1505,0,0
2800,0.3389,0,0
6623,0.0489,0,0
9387,0.0917,0,0
6656,0.1327,0,0
5587,0.0306,0,0
3969,0.0438,0,1
9893,0.2584,0,0
826,0.1224,0,0
997,0.1988,0,0
5641,0.1231,0,0
4900,0.1956,0,0
5738,0.1064,0,0
5225,0.0231,0,0
4137,0.866,1,0
1240,0.0689,0,0
2220,0.8687,1,0
9001,0.0516,0,0
2346,0.7923,1,1
4778,0.1267,0,0
3289,0.0241,0,0
3953,0.1216,0,0
3984,0.0155,0,0
8654,0.1517,0,0
1579,0.2849,0,0
3815,0.0697,0,0
8386,0.2503,0,0
5852,0.0613,0,0
4537,0.0252,0,0
481,0.0288,0,0
8243,0.0279,0,0
300,0.0278,0,0
4603,0.0428,0,0
5678,0.0189,0,0
5903,0.0691,0,1
9423,0.1486,0,0
1371,0.4614,0,0
3443,0.1492,0,1
7012,0.0304,0,0
2372,0.7537,1,1
6664,0.0371,0,0
4604,0.0874,0,0
721,0.1194,0,1
1100,0.0873,0,0
8368,0.2729,0,1
2342,0.4547,0,0
9750,0.3422,0,1
4158,0.0652,0,0
8300,0.3331,0,0
4530,0.2652,0,0
9278,0.0981,0,0
7353,0.1739,0,1
5319,0.0454,0,0
2895,0.5466,1,0
3896,0.0205,0,0
9832,0.359,0,1
4765,0.1579,0,0
2079,0.3791,0,0
4679,0.0244,0,0
9062,0.688,1,1
2900,0.7991,1,1
1819,0.095,0,0
1585,0.1021,0,0
4227,0.165,0,0
3602,0.0618,0,0
6345,0.0298,0,0
9564,0.0398,0,0
1919,0.391,0,1
7778,0.0206,0,0
5205,0.1966,0,0
5199,0.0287,0,0
1086,0.8448,1,1
7316,0.9321,1,1
7528,0.3899,0,0
4265,0.059,0,0
6513,0.0973,0,0
5720,0.1794,0,0
1010,0.2701,0,1
1532,0.1709,0,0
4492,0.0913,0,0
6945,0.2343,0,0
2812,0.248,0,0
5877,0.0189,0,0
6864,0.3133,0,1
1671,0.1277,0,0
4312,0.3059,0,1
3976,0.068,0,0
7142,0.8228,1,1
1321,0.0298,0,0
7640,0.1454,0,0
8514,0.0906,0,0
4657,0.0658,0,0
2538,0.0181,0,0
9628,0.0154,0,0
8604,0.0431,0,0
2428,0.396,0,0
6071,0.6189,1,0
3395,0.2461,0,0
5234,0.1771,0,1
6927,0.282,0,0
524,0.5036,1,0
2871,0.2263,0,0
6705,0.033,0,0
9462,0.1811,0,0
2560,0.196,0,1
8775,0.0721,0,0
6491,0.0328,0,0
8242,0.5492,1,1
7980,0.0589,0,0
9859,0.5797,1,1
7549,0.7324,1,1
1076,0.0265,0,0
3653,0.4031,0,0
5236,0.0152,0,0
2447,0.049,0,0
3696,0.1986,0,0
1763,0.1366,0,0
1073,0.0231,0,0
6858,0.4709,0,0
585,0.7551,1,1
8699,0.2063,0,0
3135,0.0731,0,0
4533,0.1739,0,1
4648,0.5644,1,1
6537,0.2181,0,0
5380,0.0315,0,0
8618,0.057,0,0
1889,0.0558,0,0
1983,0.0524,0,0
9688,0.0561,0,0
8808,0.0969,0,1
330,0.0745,0,0
5578,0.2253,0,0
1396,0.2286,0,1
2802,0.2253,0,1
9016,0.1411,0,0
493,0.8682,1,1
4216,0.2013,0,0
4497,0.7594,1,1
7025,0.9117,1,1
6652,0.0214,0,0
7917,0.1334,0,0
3355,0.0454,0,0
7603,0.0225,0,1
9340,0.1221,0,0
6176,0.1344,0,0
4023,0.1273,0,0
9761,0.2165,0,0
6034,0.0474,0,0
7774,0.1457,0,0
9872,0.0273,0,0
146,0.0656,0,0
7859,0.0442,0,0
8155,0.0173,0,0
4406,0.135,0,0
4030,0.2986,0,0
4464,0.0299,0,0
5966,0.5348,1,0
4695,0.0654,0,0
6655,0.1561,0,0
3671,0.3342,0,0
1662,0.2121,0,0
9590,0.1527,0,0
435,0.3119,0,0
5292,0.0298,0,0
9337,0.7488,1,1
4536,0.0877,0,0
3385,0.1203,0,1
7865,0.0128,0,0
2565,0.2121,0,0
7957,0.0383,0,0
638,0.276,0,0
4933,0.1055,0,0
3153,0.1054,0,0
2568,0.6058,1,1
9885,0.0476,0,0
8994,0.1028,0,0
9233,0.1263,0,0
1198,0.1491,0,0
6351,0.028,0,0
2541,0.9525,1,1
7299,0.2196,0,0
2391,0.0177,0,0
6735,0.0763,0,1
4707,0.0159,0,0
8341,0.0347,0,0
4758,0.2355,0,0
1687,0.0651,0,0
5041,0.0164,0,0
5438,0.081,0,0
923,0.1417,0,0
6815,0.0711,0,0
6382,0.022,0,0
1589,0.1344,0,0
8008,0.7027,1,0
209,0.168,0,0
8549,0.0156,0,0
526,0.032,0,0
5223,0.0623,0,0
3991,0.8954,1,1
1305,0.7359,1,1
7731,0.3491,0,1
3562,0.1845,0,1
7491,0.0411,0,0
9731,0.1798,0,0
5334,0.0464,0,0
2427,0.7095,1,1
316,0.5575,1,1
8057,0.1041,0,0
5862,0.0216,0,0
4131,0.2701,0,0
2535,0.1258,0,1
6253,0.2895,0,1
5437,0.073,0,0
2354,0.0875,0,0
3703,0.8791,1,1
1722,0.0886,0,0
4784,0.9396,1,1
5899,0.0271,0,0
9266,0.1907,0,0
6173,0.1226,0,0
3644,0.0263,0,0
2530,0.5498,1,1
2519,0.1784,0,0
1012,0.0225,0,0
1624,0.0238,0,0
4353,0.0213,0,0
6123,0.0199,0,0
4597,0.7528,1,1
969,0.0944,0,0
839,0.1024,0,0
6087,0.1237,0,1
3148,0.0771,0,1
8747,0.0425,0,0
8586,0.5021,1,0
2022,0.0622,0,0
2741,0.0446,0,0
896,0.0187,0,0
2525,0.0382,0,0
2934,0.1051,0,1
6889,0.0535,0,0
1461,0.0199,0,0
5350,0.1637,0,1
7677,0.1102,0,0
2059,0.1132,0,0
7435,0.943,1,1
867,0.7318,1,1
8666,0.0649,0,0
6596,0.0232,0,1
1978,0.1311,0,0
5601,0.4664,0,0
170,0.1272,0,0
2432,0.3779,0,1
6732,0.0345,0,0
4329,0.0598,0,0
2506,0.0313,0,0
8951,0.2183,0,0
3026,0.0287,0,0
2343,0.0493,0,0
1744,0.1413,0,0
1679,0.3282,0,0
2677,0.1811,0,0
8929,0.2283,0,0
7502,0.2104,0,1
3413,0.028,0,0
7556,0.8407,1,1
4369,0.0294,0,0
3765,0.1529,0,0
1647,0.0749,0,0
4136,0.8196,1,1
3344,0.0758,0,0
4615,0.069,0,0
9869,0.0282,0,0
9713,0.1579,0,0
5053,0.2989,0,0
2081,0.1178,0,0
3151,0.206,0,0
7215,0.1245,0,0
6971,0.1672,0,0
2742,0.1573,0,0
9068,0.0384,0,0
5082,0.9456,1,1
6571,0.5398,1,1
4331,0.0398,0,0
7931,0.4873,0,0
6679,0.0976,0,0
4366,0.0351,0,0
7102,0.0669,0,0
3756,0.0173,0,0
4798,0.0227,0,0
4457,0.7802,1,0
5983,0.0854,0,0
138,0.8035,1,1
9373,0.0377,0,0
1545,0.2898,0,0
8663,0.1902,0,0
7322,0.0836,0,1
5178,0.0681,0,0
3885,0.883,1,1
2065,0.0186,0,0
1034,0.0569,0,0
9418,0.1335,0,0
7032,0.1898,0,0
5742,0.3146,0,1
5158,0.9087,1,0
5975,0.0421,0,0
5132,0.8638,1,0
9945,0.0319,0,0
2281,0.466,0,0
8896,0.0113,0,0
6374,0.0209,0,0
5490,0.0208,0,0
8796,0.0137,0,0
3467,0.1785,0,0
1777,0.083,0,0
5412,0.5969,1,1
9409,0.0211,0,0
5960,0.4629,0,1
7762,0.0238,0,0
160,0.0525,0,0
8269,0.1398,0,1
5080,0.0119,0,0
6532,0.6827,1,0
476,0.128,0,0
9935,0.0461,0,0
3100,0.054,0,0
6583,0.1158,0,0
4378,0.1488,0,0
9609,0.0351,0,0
6167,0.0201,0,0
1728,0.1089,0,0
8064,0.0171,0,0
6153,0.032,0,0
4082,0.2618,0,1
6303,0.852,1,1
810,0.0427,0,0
6868,0.039,0,0
5517,0.0277,0,0
8956,0.0289,0,0
3827,0.9449,1,1
4614,0.0104,0,0
8099,0.0686,0,0
1483,0.0397,0,0
8130,0.0635,0,0
6885,0.0713,0,0
4100,0.2294,0,0
7790,0.0756,0,0
4367,0.2386,0,1
5255,0.7345,1,1
3199,0.4676,0,1
9212,0.0241,0,0
3788,0.0468,0,0
3614,0.1577,0,0
5763,0.0225,0,0
9122,0.0396,0,0
3910,0.6855,1,1
8954,0.3388,0,1
2406,0.0544,0,0
975,0.1047,0,0
8925,0.0507,0,0
1212,0.0302,0,1
8717,0.5907,1,0
2216,0.5725,1,0
5415,0.0424,0,0
7041,0.0352,0,0
5429,0.1877,0,0
6172,0.9751,1,1
2989,0.7027,1,1
410,0.0156,0,0
6236,0.1468,0,0
3466,0.145,0,0
8790,0.1828,0,0
4883,0.3503,0,0
152,0.036,0,0
5264,0.8079,1,1
1381,0.4049,0,1
159,0.2713,0,0
4920,0.0173,0,0
5886,0.3916,0,0
3631,0.1529,0,0
9164,0.0221,0,0
5750,0.949,1,1
4608,0.3597,0,1
3641,0.3744,0,0
966,0.0948,0,0
8538,0.0615,0,0
5670,0.0169,0,0
5768,0.0749,0,0
833,0.0973,0,0
9719,0.8948,1,1
2776,0.0267,0,0
3776,0.0996,0,0
